job,website,company,salary
Python开发工程师,http://company.zhaopin.com/CZ300255130.htm,贝壳找房,25000-50000
python开发工程师,http://company.zhaopin.com/CC424188188.htm,大连斯锐信息技术有限公司,10001-15000
Python 开发工程师：,http://company.zhaopin.com/CZ263940930.htm,北京科锐国际人力资源股份有限公司,10001-15000
python开发工程师 [北京],http://company.zhaopin.com/CC562114535.htm,深圳市源极光科技有限公司,15000-20000
Python开发工程师,http://company.zhaopin.com/CZ414704830.htm,北京汉迪移动互联网科技股份有限公司,15000-30000
python开发工程师,http://company.zhaopin.com/CC419073231.htm,北京鼎阅广告传媒有限责任公司,20001-30000
Python工程师,http://company.zhaopin.com/%E5%8C%97%E4%BA%AC%E6%99%BA%E6%85%A7%E6%98%9F%E5%85%89%E4%BF%A1%E6%81%AF%E6%8A%80%E6%9C%AF%E6%9C%89%E9%99%90%E5%85%AC%E5%8F%B8_CC467352913.htm,北京智慧星光信息技术有限公司,20000-25000
Python开发工程师（北京）,http://company.zhaopin.com/CZ544024680.htm,深圳市前海谷雨网络科技有限公司,10000-20000
PYTHON软件工程师,http://company.zhaopin.com/CC430354722.htm,中国科学院信息工程研究所,8000-12000
核心业务部门_Python工程师,http://company.zhaopin.com/CC120747254.htm,北京思特奇信息技术股份有限公司,8001-10000
中级Python开发工程师,http://company.zhaopin.com/CC320489439.htm,北京赛宁网安科技有限公司,15001-20000
Python开发工程师,http://company.zhaopin.com/P9/CC0006/4518/CC000645187.htm,普天信息技术有限公司,8000-15000
Python研发工程师,http://company.zhaopin.com/CC313785038.htm,上海诚信互通网络信息科技有限公司,15000-30000
Python开发工程师,http://company.zhaopin.com/CZ492400930.htm,北京缔联科技有限公司,8000-15000
Python/Golang/Linux C/中高级研发工程师,http://special.zhaopin.com/pagepublish/13761518/job.html,北京傲盾软件有限责任公司,6001-8000
python开发工程师,http://company.zhaopin.com/P1/CC1201/0710/CC120107107.htm,中盈优创资讯科技有限公司,7500-15000
研发工程师-Python,http://special.zhaopin.com/pagepublish/19017681/index.html,竞技世界(北京)网络技术有限公司,6001-8000
python爬虫工程师,http://company.zhaopin.com/CC421475684.htm,北京神州云合数据科技发展有限公司,10000-20000
Python开发工程师,http://company.zhaopin.com/CZ293110030.htm,北京全品文教科技股份有限公司,15000-30000
Python web 开发工程师,http://company.zhaopin.com/CC000584532.htm,北京华胜天成科技股份有限公司,15001-20000
算法工程师（Java/Scala/Python/R方向）,http://company.zhaopin.com/CC213935487.htm,北京中能博泰科技有限公司,15001-20000
Python工程师【坐标郑州】,http://company.zhaopin.com/CC319483532.htm,河南奇酷信息技术有限公司,10001-15000
python工程师,http://company.zhaopin.com/CZ562798320.htm,行为科技 (北京)有限公司,15000-25000
python工程师,http://company.zhaopin.com/CZ396144030.htm,北京星河空间科技集团有限公司,20001-30000
python工程师,http://company.zhaopin.com/CZ287608630.htm,北京精一强远科技有限公司,10000-15000
Python开发工程师,http://special.zhaopin.com/bj/2013/zkrk062859,中科软科技股份有限公司,8000-12000
高级Python工程师,http://company.zhaopin.com/CZ200376530.htm,慕华(北京)网络技术有限公司,20001-30000
高级Python WEB工程师（SAAS方向）,http://company.zhaopin.com/CC320449689.htm,易思互动(北京)科技有限公司,20000-35000
Python数据工程师,http://company.zhaopin.com/CC320449689.htm,易思互动(北京)科技有限公司,12000-24000
python实习生/工程师,http://company.zhaopin.com/CZ449350980.htm,北京托普云数据技术有限公司,4001-6000
测试工程师（Python/Shell/C++一个语言）,http://company.zhaopin.com/CC393070585.htm,灵动科技(北京)有限公司,10001-15000
python服务端开发工程师,http://company.zhaopin.com/CZ288485880.htm,混沌时代(北京)教育科技有限公司,20001-30000
系统开发工程师（php/java/python/perl）,http://company.zhaopin.com/P6/CC1458/6235/CC145862354.htm,北京赛尔汇力安全科技有限公司,10000-20000
Python高级工程师,http://company.zhaopin.com/CZ273299130.htm,厦门渊亭信息科技有限公司,10000-20000
Python开发工程师,http://company.zhaopin.com/CZ312198010.htm,西藏国路安科技股份有限公司,10000-20000
Python开发工程师,http://company.zhaopin.com/P9/CC1201/5678/CC120156789.htm,东方兴业网络教育服务有限责任公司,7500-15000
Python开发工程师,http://company.zhaopin.com/CZ412756630.htm,领途教育咨询(北京)有限公司,10000-20000
Java/python/web前端开发工程师,http://company.zhaopin.com/CZ449350980.htm,北京托普云数据技术有限公司,6001-8000
python开发工程师+包住,http://company.zhaopin.com/CZ449350980.htm,北京托普云数据技术有限公司,6001-8000
python开发工程师,http://company.zhaopin.com/CC366553888.htm,大连信雅达软件有限公司北京办事处,10001-15000
Python开发工程师,http://company.zhaopin.com/%E7%AB%8B%E4%BF%A1%E4%BC%9A%E8%AE%A1%E5%B8%88%E4%BA%8B%E5%8A%A1%E6%89%80%28%E7%89%B9%E6%AE%8A%E6%99%AE%E9%80%9A%E5%90%88%E4%BC%99%29%E5%8C%97%E4%BA%AC%E5%88%86%E6%89%80_CC464802915.htm,立信会计师事务所(特殊普通合伙)北京分所,15001-20000
python数据分析工程师,http://company.zhaopin.com/CC280194480.htm,北京众蓝科技有限公司,15000-30000
高级python研发工程师,http://company.zhaopin.com/CC688947920.htm,北京云途腾科技有限责任公司,15000-25000
java初级开发实习生（人工智能方向）,http://company.zhaopin.com/CC575118831.htm,北京旭豪科技有限公司,6001-8000
软件开发工程师(python/c++)-NDS,http://special.zhaopin.com/bj/2012/siwei092527,北京四维图新科技股份有限公司,8000-15000
高级python开发工程师,http://company.zhaopin.com/CC443596787.htm,北京量子保科技有限公司,20001-30000
Python高级开发工程师,http://company.zhaopin.com/CZ120570220.htm,北京棣南新宇科技有限公司,15001-20000
Python高级开发工程师,http://company.zhaopin.com/CZ120570220.htm,北京棣南新宇科技有限公司,15001-20000
Python高级开发工程师,http://company.zhaopin.com/CZ120570220.htm,北京棣南新宇科技有限公司,15001-20000
Python高级开发工程师,http://company.zhaopin.com/CZ120570220.htm,北京棣南新宇科技有限公司,15001-20000
Python高级开发工程师,http://company.zhaopin.com/CZ120570220.htm,北京棣南新宇科技有限公司,15001-20000
Python高级开发工程师,http://company.zhaopin.com/CZ120570220.htm,北京棣南新宇科技有限公司,15001-20000
Python高级开发工程师,http://company.zhaopin.com/CZ120570220.htm,北京棣南新宇科技有限公司,15001-20000
Python高级开发工程师,http://company.zhaopin.com/CZ120570220.htm,北京棣南新宇科技有限公司,15001-20000
Python高级开发工程师,http://company.zhaopin.com/CZ120570220.htm,北京棣南新宇科技有限公司,15001-20000
Python高级开发工程师,http://company.zhaopin.com/CZ120570220.htm,北京棣南新宇科技有限公司,15001-20000
Python高级开发工程师,http://company.zhaopin.com/CZ120570220.htm,北京棣南新宇科技有限公司,15001-20000
Python高级开发工程师,http://company.zhaopin.com/CZ120570220.htm,北京棣南新宇科技有限公司,15001-20000
Python开发工程师,http://company.zhaopin.com/CZ300255130.htm,贝壳找房,25000-50000
python开发工程师,http://company.zhaopin.com/CC424188188.htm,大连斯锐信息技术有限公司,10001-15000
Python 开发工程师：,http://company.zhaopin.com/CZ263940930.htm,北京科锐国际人力资源股份有限公司,10001-15000
python开发工程师 [北京],http://company.zhaopin.com/CC562114535.htm,深圳市源极光科技有限公司,15000-20000
Python开发工程师,http://company.zhaopin.com/CZ414704830.htm,北京汉迪移动互联网科技股份有限公司,15000-30000
python开发工程师,http://company.zhaopin.com/CC419073231.htm,北京鼎阅广告传媒有限责任公司,20001-30000
Python工程师,http://company.zhaopin.com/%E5%8C%97%E4%BA%AC%E6%99%BA%E6%85%A7%E6%98%9F%E5%85%89%E4%BF%A1%E6%81%AF%E6%8A%80%E6%9C%AF%E6%9C%89%E9%99%90%E5%85%AC%E5%8F%B8_CC467352913.htm,北京智慧星光信息技术有限公司,20000-25000
Python开发工程师（北京）,http://company.zhaopin.com/CZ544024680.htm,深圳市前海谷雨网络科技有限公司,10000-20000
PYTHON软件工程师,http://company.zhaopin.com/CC430354722.htm,中国科学院信息工程研究所,8000-12000
核心业务部门_Python工程师,http://company.zhaopin.com/CC120747254.htm,北京思特奇信息技术股份有限公司,8001-10000
中级Python开发工程师,http://company.zhaopin.com/CC320489439.htm,北京赛宁网安科技有限公司,15001-20000
Python开发工程师,http://company.zhaopin.com/P9/CC0006/4518/CC000645187.htm,普天信息技术有限公司,8000-15000
Python研发工程师,http://company.zhaopin.com/CC313785038.htm,上海诚信互通网络信息科技有限公司,15000-30000
Python开发工程师,http://company.zhaopin.com/CZ492400930.htm,北京缔联科技有限公司,8000-15000
Python/Golang/Linux C/中高级研发工程师,http://special.zhaopin.com/pagepublish/13761518/job.html,北京傲盾软件有限责任公司,6001-8000
python开发工程师,http://company.zhaopin.com/P1/CC1201/0710/CC120107107.htm,中盈优创资讯科技有限公司,7500-15000
研发工程师-Python,http://special.zhaopin.com/pagepublish/19017681/index.html,竞技世界(北京)网络技术有限公司,6001-8000
python爬虫工程师,http://company.zhaopin.com/CC421475684.htm,北京神州云合数据科技发展有限公司,10000-20000
Python开发工程师,http://company.zhaopin.com/CZ293110030.htm,北京全品文教科技股份有限公司,15000-30000
Python web 开发工程师,http://company.zhaopin.com/CC000584532.htm,北京华胜天成科技股份有限公司,15001-20000
算法工程师（Java/Scala/Python/R方向）,http://company.zhaopin.com/CC213935487.htm,北京中能博泰科技有限公司,15001-20000
Python工程师【坐标郑州】,http://company.zhaopin.com/CC319483532.htm,河南奇酷信息技术有限公司,10001-15000
python工程师,http://company.zhaopin.com/CZ562798320.htm,行为科技 (北京)有限公司,15000-25000
python工程师,http://company.zhaopin.com/CZ396144030.htm,北京星河空间科技集团有限公司,20001-30000
python工程师,http://company.zhaopin.com/CZ287608630.htm,北京精一强远科技有限公司,10000-15000
Python开发工程师,http://special.zhaopin.com/bj/2013/zkrk062859,中科软科技股份有限公司,8000-12000
高级Python工程师,http://company.zhaopin.com/CZ200376530.htm,慕华(北京)网络技术有限公司,20001-30000
高级Python WEB工程师（SAAS方向）,http://company.zhaopin.com/CC320449689.htm,易思互动(北京)科技有限公司,20000-35000
Python数据工程师,http://company.zhaopin.com/CC320449689.htm,易思互动(北京)科技有限公司,12000-24000
python实习生/工程师,http://company.zhaopin.com/CZ449350980.htm,北京托普云数据技术有限公司,4001-6000
测试工程师（Python/Shell/C++一个语言）,http://company.zhaopin.com/CC393070585.htm,灵动科技(北京)有限公司,10001-15000
python服务端开发工程师,http://company.zhaopin.com/CZ288485880.htm,混沌时代(北京)教育科技有限公司,20001-30000
系统开发工程师（php/java/python/perl）,http://company.zhaopin.com/P6/CC1458/6235/CC145862354.htm,北京赛尔汇力安全科技有限公司,10000-20000
Python高级工程师,http://company.zhaopin.com/CZ273299130.htm,厦门渊亭信息科技有限公司,10000-20000
Python开发工程师,http://company.zhaopin.com/CZ312198010.htm,西藏国路安科技股份有限公司,10000-20000
Python开发工程师,http://company.zhaopin.com/P9/CC1201/5678/CC120156789.htm,东方兴业网络教育服务有限责任公司,7500-15000
Python开发工程师,http://company.zhaopin.com/CZ412756630.htm,领途教育咨询(北京)有限公司,10000-20000
Java/python/web前端开发工程师,http://company.zhaopin.com/CZ449350980.htm,北京托普云数据技术有限公司,6001-8000
python开发工程师+包住,http://company.zhaopin.com/CZ449350980.htm,北京托普云数据技术有限公司,6001-8000
python开发工程师,http://company.zhaopin.com/CC366553888.htm,大连信雅达软件有限公司北京办事处,10001-15000
Python开发工程师,http://company.zhaopin.com/%E7%AB%8B%E4%BF%A1%E4%BC%9A%E8%AE%A1%E5%B8%88%E4%BA%8B%E5%8A%A1%E6%89%80%28%E7%89%B9%E6%AE%8A%E6%99%AE%E9%80%9A%E5%90%88%E4%BC%99%29%E5%8C%97%E4%BA%AC%E5%88%86%E6%89%80_CC464802915.htm,立信会计师事务所(特殊普通合伙)北京分所,15001-20000
python数据分析工程师,http://company.zhaopin.com/CC280194480.htm,北京众蓝科技有限公司,15000-30000
高级python研发工程师,http://company.zhaopin.com/CC688947920.htm,北京云途腾科技有限责任公司,15000-25000
java初级开发实习生（人工智能方向）,http://company.zhaopin.com/CC575118831.htm,北京旭豪科技有限公司,6001-8000
软件开发工程师(python/c++)-NDS,http://special.zhaopin.com/bj/2012/siwei092527,北京四维图新科技股份有限公司,8000-15000
高级python开发工程师,http://company.zhaopin.com/CC443596787.htm,北京量子保科技有限公司,20001-30000
Python高级开发工程师,http://company.zhaopin.com/CZ120570220.htm,北京棣南新宇科技有限公司,15001-20000
Python高级开发工程师,http://company.zhaopin.com/CZ120570220.htm,北京棣南新宇科技有限公司,15001-20000
Python高级开发工程师,http://company.zhaopin.com/CZ120570220.htm,北京棣南新宇科技有限公司,15001-20000
Python高级开发工程师,http://company.zhaopin.com/CZ120570220.htm,北京棣南新宇科技有限公司,15001-20000
Python高级开发工程师,http://company.zhaopin.com/CZ120570220.htm,北京棣南新宇科技有限公司,15001-20000
Python高级开发工程师,http://company.zhaopin.com/CZ120570220.htm,北京棣南新宇科技有限公司,15001-20000
Python高级开发工程师,http://company.zhaopin.com/CZ120570220.htm,北京棣南新宇科技有限公司,15001-20000
Python高级开发工程师,http://company.zhaopin.com/CZ120570220.htm,北京棣南新宇科技有限公司,15001-20000
Python高级开发工程师,http://company.zhaopin.com/CZ120570220.htm,北京棣南新宇科技有限公司,15001-20000
Python高级开发工程师,http://company.zhaopin.com/CZ120570220.htm,北京棣南新宇科技有限公司,15001-20000
Python高级开发工程师,http://company.zhaopin.com/CZ120570220.htm,北京棣南新宇科技有限公司,15001-20000
Python高级开发工程师,http://company.zhaopin.com/CZ120570220.htm,北京棣南新宇科技有限公司,15001-20000
